--------------------------------------------------------
--  File created - Thursday-November-12-2015   
-------------------------------------------------------->
REM INSERTING into ULAD.AUTHORS
SET DEFINE OFF;
Insert into ULAD.AUTHORS (AUTHOR_ID,AUTHOR_NAME,EXPIRED) values (3,'Miron Fedorov',to_timestamp('09-AUG-15 12.32.34.320000000 PM','DD-MON-RR HH.MI.SSXFF AM'));
Insert into ULAD.AUTHORS (AUTHOR_ID,AUTHOR_NAME,EXPIRED) values (4,'Lex Lutor',to_timestamp('09-AUG-15 12.32.34.320000000 PM','DD-MON-RR HH.MI.SSXFF AM'));
Insert into ULAD.AUTHORS (AUTHOR_ID,AUTHOR_NAME,EXPIRED) values (5,'Kseniya Mazhara',to_timestamp('09-AUG-15 12.32.34.320000000 PM','DD-MON-RR HH.MI.SSXFF AM'));
Insert into ULAD.AUTHORS (AUTHOR_ID,AUTHOR_NAME,EXPIRED) values (6,'Uladzislau Minich',to_timestamp('09-AUG-15 12.32.34.320000000 PM','DD-MON-RR HH.MI.SSXFF AM'));
Insert into ULAD.AUTHORS (AUTHOR_ID,AUTHOR_NAME,EXPIRED) values (7,'Alex Kushnerov',to_timestamp('09-AUG-15 12.32.34.320000000 PM','DD-MON-RR HH.MI.SSXFF AM'));
Insert into ULAD.AUTHORS (AUTHOR_ID,AUTHOR_NAME,EXPIRED) values (8,'Sergei Silich',to_timestamp('09-AUG-15 12.32.34.320000000 PM','DD-MON-RR HH.MI.SSXFF AM'));
Insert into ULAD.AUTHORS (AUTHOR_ID,AUTHOR_NAME,EXPIRED) values (9,'Vladi Boston',to_timestamp('09-AUG-15 12.32.34.320000000 PM','DD-MON-RR HH.MI.SSXFF AM'));
Insert into ULAD.AUTHORS (AUTHOR_ID,AUTHOR_NAME,EXPIRED) values (10,'Igor Razumovich',to_timestamp('09-AUG-15 12.32.34.320000000 PM','DD-MON-RR HH.MI.SSXFF AM'));
Insert into ULAD.AUTHORS (AUTHOR_ID,AUTHOR_NAME,EXPIRED) values (11,'Valeriya Buraya',to_timestamp('09-AUG-15 12.32.34.320000000 PM','DD-MON-RR HH.MI.SSXFF AM'));
Insert into ULAD.AUTHORS (AUTHOR_ID,AUTHOR_NAME,EXPIRED) values (12,'Tirion Lanister',to_timestamp('09-AUG-15 12.32.34.320000000 PM','DD-MON-RR HH.MI.SSXFF AM'));
Insert into ULAD.AUTHORS (AUTHOR_ID,AUTHOR_NAME,EXPIRED) values (13,'John Snow',to_timestamp('09-AUG-15 12.32.34.320000000 PM','DD-MON-RR HH.MI.SSXFF AM'));
Insert into ULAD.AUTHORS (AUTHOR_ID,AUTHOR_NAME,EXPIRED) values (14,'Lev Sapega',to_timestamp('09-AUG-15 12.32.34.320000000 PM','DD-MON-RR HH.MI.SSXFF AM'));
Insert into ULAD.AUTHORS (AUTHOR_ID,AUTHOR_NAME,EXPIRED) values (1,'Lev Leshenko',to_timestamp('10-NOV-15 04.50.03.004000000 PM','DD-MON-RR HH.MI.SSXFF AM'));
Insert into ULAD.AUTHORS (AUTHOR_ID,AUTHOR_NAME,EXPIRED) values (2,'Alla Pugacheva',to_timestamp('09-AUG-15 12.32.34.320000000 PM','DD-MON-RR HH.MI.SSXFF AM'));
REM INSERTING into ULAD.COMMENTS
SET DEFINE OFF;
Insert into ULAD.COMMENTS (COMMENT_ID,NEWS_ID,COMMENT_TEXT,CREATION_DATE) values (3,1,'132',to_timestamp('09-AUG-15 12.32.34.320000000 PM','DD-MON-RR HH.MI.SSXFF AM'));
Insert into ULAD.COMMENTS (COMMENT_ID,NEWS_ID,COMMENT_TEXT,CREATION_DATE) values (4,3,'fafff',to_timestamp('09-AUG-15 12.32.34.320000000 PM','DD-MON-RR HH.MI.SSXFF AM'));
Insert into ULAD.COMMENTS (COMMENT_ID,NEWS_ID,COMMENT_TEXT,CREATION_DATE) values (5,1,'?',to_timestamp('09-AUG-15 12.32.34.320000000 PM','DD-MON-RR HH.MI.SSXFF AM'));
Insert into ULAD.COMMENTS (COMMENT_ID,NEWS_ID,COMMENT_TEXT,CREATION_DATE) values (6,4,'ASD',to_timestamp('09-AUG-15 12.32.34.320000000 PM','DD-MON-RR HH.MI.SSXFF AM'));
Insert into ULAD.COMMENTS (COMMENT_ID,NEWS_ID,COMMENT_TEXT,CREATION_DATE) values (7,6,'VERY',to_timestamp('09-AUG-15 12.32.34.320000000 PM','DD-MON-RR HH.MI.SSXFF AM'));
Insert into ULAD.COMMENTS (COMMENT_ID,NEWS_ID,COMMENT_TEXT,CREATION_DATE) values (8,7,'OOPPOO',to_timestamp('09-AUG-15 12.32.34.320000000 PM','DD-MON-RR HH.MI.SSXFF AM'));
Insert into ULAD.COMMENTS (COMMENT_ID,NEWS_ID,COMMENT_TEXT,CREATION_DATE) values (9,4,'??',to_timestamp('09-AUG-15 12.32.34.320000000 PM','DD-MON-RR HH.MI.SSXFF AM'));
Insert into ULAD.COMMENTS (COMMENT_ID,NEWS_ID,COMMENT_TEXT,CREATION_DATE) values (10,7,'OOP',to_timestamp('09-AUG-15 12.32.34.320000000 PM','DD-MON-RR HH.MI.SSXFF AM'));
Insert into ULAD.COMMENTS (COMMENT_ID,NEWS_ID,COMMENT_TEXT,CREATION_DATE) values (11,8,'...',to_timestamp('09-AUG-15 12.32.34.320000000 PM','DD-MON-RR HH.MI.SSXFF AM'));
Insert into ULAD.COMMENTS (COMMENT_ID,NEWS_ID,COMMENT_TEXT,CREATION_DATE) values (12,10,':D',to_timestamp('09-AUG-15 12.32.34.320000000 PM','DD-MON-RR HH.MI.SSXFF AM'));
Insert into ULAD.COMMENTS (COMMENT_ID,NEWS_ID,COMMENT_TEXT,CREATION_DATE) values (13,10,':(',to_timestamp('09-AUG-15 12.32.34.320000000 PM','DD-MON-RR HH.MI.SSXFF AM'));
Insert into ULAD.COMMENTS (COMMENT_ID,NEWS_ID,COMMENT_TEXT,CREATION_DATE) values (14,11,':)',to_timestamp('09-AUG-15 12.32.34.320000000 PM','DD-MON-RR HH.MI.SSXFF AM'));
Insert into ULAD.COMMENTS (COMMENT_ID,NEWS_ID,COMMENT_TEXT,CREATION_DATE) values (15,12,':D:D',to_timestamp('09-AUG-15 12.32.34.320000000 PM','DD-MON-RR HH.MI.SSXFF AM'));
Insert into ULAD.COMMENTS (COMMENT_ID,NEWS_ID,COMMENT_TEXT,CREATION_DATE) values (16,13,'2 8 15 16 32 43',to_timestamp('09-AUG-15 12.32.34.320000000 PM','DD-MON-RR HH.MI.SSXFF AM'));
Insert into ULAD.COMMENTS (COMMENT_ID,NEWS_ID,COMMENT_TEXT,CREATION_DATE) values (17,15,'ELDARLOOOOOOO',to_timestamp('09-AUG-15 12.32.34.320000000 PM','DD-MON-RR HH.MI.SSXFF AM'));
Insert into ULAD.COMMENTS (COMMENT_ID,NEWS_ID,COMMENT_TEXT,CREATION_DATE) values (18,16,'Winter is coming...',to_timestamp('09-AUG-15 12.32.34.320000000 PM','DD-MON-RR HH.MI.SSXFF AM'));
Insert into ULAD.COMMENTS (COMMENT_ID,NEWS_ID,COMMENT_TEXT,CREATION_DATE) values (19,18,'######',to_timestamp('09-AUG-15 12.32.34.320000000 PM','DD-MON-RR HH.MI.SSXFF AM'));
Insert into ULAD.COMMENTS (COMMENT_ID,NEWS_ID,COMMENT_TEXT,CREATION_DATE) values (20,20,'!.censored.!',to_timestamp('09-AUG-15 12.32.34.320000000 PM','DD-MON-RR HH.MI.SSXFF AM'));
Insert into ULAD.COMMENTS (COMMENT_ID,NEWS_ID,COMMENT_TEXT,CREATION_DATE) values (1,1,'QWERTY',to_timestamp('09-AUG-15 12.32.34.320000000 PM','DD-MON-RR HH.MI.SSXFF AM'));
Insert into ULAD.COMMENTS (COMMENT_ID,NEWS_ID,COMMENT_TEXT,CREATION_DATE) values (2,2,'Lol',to_timestamp('09-AUG-15 12.32.34.320000000 PM','DD-MON-RR HH.MI.SSXFF AM'));
REM INSERTING into ULAD.NEWS
SET DEFINE OFF;
Insert into ULAD.NEWS (NEWS_ID,TITLE,SHORT_TEXT,FULL_TEXT,CREATION_DATE,MODIFICATION_DATE) values (3,'Poker','Poker','FULL HOUSE FULL HOUSE',to_timestamp('09-AUG-15 12.32.34.320000000 PM','DD-MON-RR HH.MI.SSXFF AM'),to_date('09-NOV-15','DD-MON-RR'));
Insert into ULAD.NEWS (NEWS_ID,TITLE,SHORT_TEXT,FULL_TEXT,CREATION_DATE,MODIFICATION_DATE) values (4,'Messi','Leonel Messi','Leonel Messi Leonel Messi',to_timestamp('09-AUG-15 12.32.34.320000000 PM','DD-MON-RR HH.MI.SSXFF AM'),to_date('09-NOV-15','DD-MON-RR'));
Insert into ULAD.NEWS (NEWS_ID,TITLE,SHORT_TEXT,FULL_TEXT,CREATION_DATE,MODIFICATION_DATE) values (5,'Fiasko','Fiasko','Fiasko Fiasko',to_timestamp('09-AUG-15 12.32.34.320000000 PM','DD-MON-RR HH.MI.SSXFF AM'),to_date('09-NOV-15','DD-MON-RR'));
Insert into ULAD.NEWS (NEWS_ID,TITLE,SHORT_TEXT,FULL_TEXT,CREATION_DATE,MODIFICATION_DATE) values (6,'JAVA','JAVA SE','JAVA EE',to_timestamp('09-AUG-15 12.32.34.320000000 PM','DD-MON-RR HH.MI.SSXFF AM'),to_date('09-NOV-15','DD-MON-RR'));
Insert into ULAD.NEWS (NEWS_ID,TITLE,SHORT_TEXT,FULL_TEXT,CREATION_DATE,MODIFICATION_DATE) values (7,'C#','C#','C#',to_timestamp('09-AUG-15 12.32.34.320000000 PM','DD-MON-RR HH.MI.SSXFF AM'),to_date('09-NOV-15','DD-MON-RR'));
Insert into ULAD.NEWS (NEWS_ID,TITLE,SHORT_TEXT,FULL_TEXT,CREATION_DATE,MODIFICATION_DATE) values (8,'C++','C++','C++',to_timestamp('09-AUG-15 12.32.34.320000000 PM','DD-MON-RR HH.MI.SSXFF AM'),to_date('09-NOV-15','DD-MON-RR'));
Insert into ULAD.NEWS (NEWS_ID,TITLE,SHORT_TEXT,FULL_TEXT,CREATION_DATE,MODIFICATION_DATE) values (9,'Alexander','Grigoravich','Lukashenko',to_timestamp('09-AUG-15 12.32.34.320000000 PM','DD-MON-RR HH.MI.SSXFF AM'),to_date('09-NOV-15','DD-MON-RR'));
Insert into ULAD.NEWS (NEWS_ID,TITLE,SHORT_TEXT,FULL_TEXT,CREATION_DATE,MODIFICATION_DATE) values (10,'Vibori','Belarus','Honestly',to_timestamp('09-AUG-15 12.32.34.320000000 PM','DD-MON-RR HH.MI.SSXFF AM'),to_date('09-NOV-15','DD-MON-RR'));
Insert into ULAD.NEWS (NEWS_ID,TITLE,SHORT_TEXT,FULL_TEXT,CREATION_DATE,MODIFICATION_DATE) values (11,'BSUIR','FITU','ASOI',to_timestamp('09-AUG-15 12.32.34.320000000 PM','DD-MON-RR HH.MI.SSXFF AM'),to_date('09-NOV-15','DD-MON-RR'));
Insert into ULAD.NEWS (NEWS_ID,TITLE,SHORT_TEXT,FULL_TEXT,CREATION_DATE,MODIFICATION_DATE) values (12,'MMM','MMM','BOL''she MMM',to_timestamp('09-AUG-15 12.32.34.320000000 PM','DD-MON-RR HH.MI.SSXFF AM'),to_date('09-NOV-15','DD-MON-RR'));
Insert into ULAD.NEWS (NEWS_ID,TITLE,SHORT_TEXT,FULL_TEXT,CREATION_DATE,MODIFICATION_DATE) values (13,'Games of throne','Games of throne','Games of throne',to_timestamp('09-AUG-15 12.32.34.320000000 PM','DD-MON-RR HH.MI.SSXFF AM'),to_date('09-NOV-15','DD-MON-RR'));
Insert into ULAD.NEWS (NEWS_ID,TITLE,SHORT_TEXT,FULL_TEXT,CREATION_DATE,MODIFICATION_DATE) values (14,'Horse','Horse','Horse',to_timestamp('09-AUG-15 12.32.34.320000000 PM','DD-MON-RR HH.MI.SSXFF AM'),to_date('09-NOV-15','DD-MON-RR'));
Insert into ULAD.NEWS (NEWS_ID,TITLE,SHORT_TEXT,FULL_TEXT,CREATION_DATE,MODIFICATION_DATE) values (15,'Maven','Maven','Maven',to_timestamp('09-AUG-15 12.32.34.320000000 PM','DD-MON-RR HH.MI.SSXFF AM'),to_date('09-NOV-15','DD-MON-RR'));
Insert into ULAD.NEWS (NEWS_ID,TITLE,SHORT_TEXT,FULL_TEXT,CREATION_DATE,MODIFICATION_DATE) values (16,'Spring','Spring','Spring',to_timestamp('09-AUG-15 12.32.34.320000000 PM','DD-MON-RR HH.MI.SSXFF AM'),to_date('09-NOV-15','DD-MON-RR'));
Insert into ULAD.NEWS (NEWS_ID,TITLE,SHORT_TEXT,FULL_TEXT,CREATION_DATE,MODIFICATION_DATE) values (17,'Summer','Summer','Summer',to_timestamp('09-AUG-15 12.32.34.320000000 PM','DD-MON-RR HH.MI.SSXFF AM'),to_date('09-NOV-15','DD-MON-RR'));
Insert into ULAD.NEWS (NEWS_ID,TITLE,SHORT_TEXT,FULL_TEXT,CREATION_DATE,MODIFICATION_DATE) values (18,'Winter','Winter','Winter',to_timestamp('09-AUG-15 12.32.34.320000000 PM','DD-MON-RR HH.MI.SSXFF AM'),to_date('09-NOV-15','DD-MON-RR'));
Insert into ULAD.NEWS (NEWS_ID,TITLE,SHORT_TEXT,FULL_TEXT,CREATION_DATE,MODIFICATION_DATE) values (19,'Oxxximiron','Oxxximiron','Oxxximiron',to_timestamp('09-AUG-15 12.32.34.320000000 PM','DD-MON-RR HH.MI.SSXFF AM'),to_date('09-NOV-15','DD-MON-RR'));
Insert into ULAD.NEWS (NEWS_ID,TITLE,SHORT_TEXT,FULL_TEXT,CREATION_DATE,MODIFICATION_DATE) values (20,'Music','Music','Music',to_timestamp('09-AUG-15 12.32.34.320000000 PM','DD-MON-RR HH.MI.SSXFF AM'),to_date('09-NOV-15','DD-MON-RR'));
Insert into ULAD.NEWS (NEWS_ID,TITLE,SHORT_TEXT,FULL_TEXT,CREATION_DATE,MODIFICATION_DATE) values (1,'QWERTY','QWERTY','QWERTYUIOPASDFGHJKLZXCVBNM',to_timestamp('09-AUG-15 03.21.11.090000000 AM','DD-MON-RR HH.MI.SSXFF AM'),to_date('09-NOV-15','DD-MON-RR'));
Insert into ULAD.NEWS (NEWS_ID,TITLE,SHORT_TEXT,FULL_TEXT,CREATION_DATE,MODIFICATION_DATE) values (2,'Pixar','Pixar','Pixar Pixar Pixar Pixar',to_timestamp('09-AUG-15 12.34.55.330000000 PM','DD-MON-RR HH.MI.SSXFF AM'),to_date('09-NOV-15','DD-MON-RR'));
REM INSERTING into ULAD.NEWS_AUTHOR
SET DEFINE OFF;
Insert into ULAD.NEWS_AUTHOR (NEWS_ID,AUTHOR_ID) values (3,3);
Insert into ULAD.NEWS_AUTHOR (NEWS_ID,AUTHOR_ID) values (4,4);
Insert into ULAD.NEWS_AUTHOR (NEWS_ID,AUTHOR_ID) values (5,5);
Insert into ULAD.NEWS_AUTHOR (NEWS_ID,AUTHOR_ID) values (6,6);
Insert into ULAD.NEWS_AUTHOR (NEWS_ID,AUTHOR_ID) values (7,7);
Insert into ULAD.NEWS_AUTHOR (NEWS_ID,AUTHOR_ID) values (8,8);
Insert into ULAD.NEWS_AUTHOR (NEWS_ID,AUTHOR_ID) values (9,9);
Insert into ULAD.NEWS_AUTHOR (NEWS_ID,AUTHOR_ID) values (10,10);
Insert into ULAD.NEWS_AUTHOR (NEWS_ID,AUTHOR_ID) values (11,11);
Insert into ULAD.NEWS_AUTHOR (NEWS_ID,AUTHOR_ID) values (12,12);
Insert into ULAD.NEWS_AUTHOR (NEWS_ID,AUTHOR_ID) values (13,13);
Insert into ULAD.NEWS_AUTHOR (NEWS_ID,AUTHOR_ID) values (14,14);
Insert into ULAD.NEWS_AUTHOR (NEWS_ID,AUTHOR_ID) values (15,1);
Insert into ULAD.NEWS_AUTHOR (NEWS_ID,AUTHOR_ID) values (16,2);
Insert into ULAD.NEWS_AUTHOR (NEWS_ID,AUTHOR_ID) values (17,3);
Insert into ULAD.NEWS_AUTHOR (NEWS_ID,AUTHOR_ID) values (18,4);
Insert into ULAD.NEWS_AUTHOR (NEWS_ID,AUTHOR_ID) values (19,5);
Insert into ULAD.NEWS_AUTHOR (NEWS_ID,AUTHOR_ID) values (20,6);
Insert into ULAD.NEWS_AUTHOR (NEWS_ID,AUTHOR_ID) values (1,1);
Insert into ULAD.NEWS_AUTHOR (NEWS_ID,AUTHOR_ID) values (2,2);
REM INSERTING into ULAD.NEWS_TAG
SET DEFINE OFF;
Insert into ULAD.NEWS_TAG (NEWS_ID,TAG_ID) values (2,3);
Insert into ULAD.NEWS_TAG (NEWS_ID,TAG_ID) values (3,5);
Insert into ULAD.NEWS_TAG (NEWS_ID,TAG_ID) values (4,6);
Insert into ULAD.NEWS_TAG (NEWS_ID,TAG_ID) values (5,7);
Insert into ULAD.NEWS_TAG (NEWS_ID,TAG_ID) values (6,11);
Insert into ULAD.NEWS_TAG (NEWS_ID,TAG_ID) values (7,2);
Insert into ULAD.NEWS_TAG (NEWS_ID,TAG_ID) values (7,9);
Insert into ULAD.NEWS_TAG (NEWS_ID,TAG_ID) values (8,10);
Insert into ULAD.NEWS_TAG (NEWS_ID,TAG_ID) values (9,8);
Insert into ULAD.NEWS_TAG (NEWS_ID,TAG_ID) values (10,3);
Insert into ULAD.NEWS_TAG (NEWS_ID,TAG_ID) values (11,5);
Insert into ULAD.NEWS_TAG (NEWS_ID,TAG_ID) values (12,6);
Insert into ULAD.NEWS_TAG (NEWS_ID,TAG_ID) values (15,7);
Insert into ULAD.NEWS_TAG (NEWS_ID,TAG_ID) values (16,1);
Insert into ULAD.NEWS_TAG (NEWS_ID,TAG_ID) values (1,1);
Insert into ULAD.NEWS_TAG (NEWS_ID,TAG_ID) values (1,2);
REM INSERTING into ULAD.ROLES
SET DEFINE OFF;
REM INSERTING into ULAD.TAG
SET DEFINE OFF;
Insert into ULAD.TAG (TAG_ID,TAG_NAME) values (3,'Picasso');
Insert into ULAD.TAG (TAG_ID,TAG_NAME) values (4,'Food');
Insert into ULAD.TAG (TAG_ID,TAG_NAME) values (5,'Java');
Insert into ULAD.TAG (TAG_ID,TAG_NAME) values (6,'Football');
Insert into ULAD.TAG (TAG_ID,TAG_NAME) values (7,'Police');
Insert into ULAD.TAG (TAG_ID,TAG_NAME) values (8,'Marvel');
Insert into ULAD.TAG (TAG_ID,TAG_NAME) values (9,'Poker');
Insert into ULAD.TAG (TAG_ID,TAG_NAME) values (10,'Spring');
Insert into ULAD.TAG (TAG_ID,TAG_NAME) values (11,'Oracle');
Insert into ULAD.TAG (TAG_ID,TAG_NAME) values (12,'C#');
Insert into ULAD.TAG (TAG_ID,TAG_NAME) values (13,'.Net');
Insert into ULAD.TAG (TAG_ID,TAG_NAME) values (14,'C++');
Insert into ULAD.TAG (TAG_ID,TAG_NAME) values (15,'New tag');
Insert into ULAD.TAG (TAG_ID,TAG_NAME) values (1,'Update tag');
Insert into ULAD.TAG (TAG_ID,TAG_NAME) values (2,'Messi');
REM INSERTING into ULAD.USERS
SET DEFINE OFF;
